Question,Answer,Correctness,Lesson,Comment
Что такое тест-кейс?,"совокупность шагов, конкретных условий и параметров, нужных для проверки работы тестируемой функции или её части.",1,1-3,
Что такое тест-кейс?,небольшая инструкция по проверке работы функции,1,1-3,
Что такое тест-кейс?,кейс для тестирования тестов,0,1-3,"ответ неправильный, потому что тест-кейсы используются для тестирования программного обеспечения, а не для проверки самих тестов"
Что такое тест-кейс?,упаковка для тестовых инструментов,0,1-3,"Неверно, поскольку тест-кейсы не являются упаковкой для инструментов, а скорее описанием тестовых сценариев"
Что такое тест-кейс?,контейнер для тестовых данных,0,1-3,"Тест-кейсы содержат шаги, условия и ожидаемые результаты, но не являются хранилищем данных для тестирования"
Что такое тест-кейс?,разработка программного обеспечения,0,1-3,"Тест-кейсы используются для проверки разработанного программного обеспечения, но не являются самим разработанным программным продуктом"
Что такое тест-кейс?,метод тестирования человека,0,1-3,"Тест-кейсы - это скорее инструкции для тестирования, а не метод, используемый для тестирования людей"
Что такое тест-кейс?,документация для пользователей,0,1-3,"Тест-кейсы предназначены для тестировщиков, чтобы они могли проверить работоспособность программного продукта, а не для пользователей"
Какие атрибуты заполняются на этапе создания тест-кейса?,"ID тест-кейса, Название, Шаги, Ожидаемый результат,Приоритет тест-кейса, Тестовые данные, Предусловия, Постусловия ",1,1-3,
Какие атрибуты заполняются на этапе создания тест-кейса?,"При создании тест-кейса важно определить его уникальный идентификатор (ID), название, шаги для выполнения теста, ожидаемый результат, приоритет, тестовые данные, предусловия и постусловия.",1,1-3,
Какие атрибуты заполняются на этапе создания тест-кейса?,Личные данные тестировщика,0,1-3,"неправильно, так как личные данные тестировщика не имеют отношения к самому тест-кейсу и могут создать проблемы с конфиденциальностью."
Какие атрибуты заполняются на этапе создания тест-кейса?,Размер файла с тест-данными,0,1-3,"неправильно, потому что размер файла с тест-данными не является атрибутом самого тест-кейса, а скорее касается содержимого тест-кейса."
Какие атрибуты заполняются на этапе создания тест-кейса?,Фамилия разработчика,0,1-3,"неправильно, так как фамилия разработчика также не имеет никакого отношения к тест-кейсу, а скорее к процессу разработки."
Какие атрибуты заполняются на этапе создания тест-кейса?,Дата создания тест-кейса,0,1-3,"неправильно, потому что дата создания может меняться, и это не влияет на содержание самого тест-кейса."
Какие атрибуты заполняются на этапе создания тест-кейса?,Статус тест-кейса,0,1-3,"неправильно, потому что статус тест-кейса (например, ""завершен"", ""в процессе"", ""отклонен"" и т. д.) изменяется в ходе выполнения тестирования и не является атрибутом, определяемым на этапе создания."
Какие атрибуты заполняются на этапе создания тест-кейса?,Время выполнения тест-кейса,0,1-3,"Это неправильно, потому что время выполнения тест-кейса зависит от условий выполнения и не фиксировано на этапе создания."
Какие атрибуты заполняются на этапе выполнения тест-кейса?,Фактический результат и Статус тест-кейса ,1,1-3,
Какие атрибуты заполняются на этапе выполнения тест-кейса?,В результате выполнения тест-кейса определяется фактический результат и устанавливается его текущий статус,1,1-3,
Какие атрибуты заполняются на этапе выполнения тест-кейса?,Время начала выполнения тест-кейса,0,1-3,"Время начала выполнения обычно фиксируется в отчете о выполнении тест-кейса, но это не является атрибутом самого тест-кейса"
Какие атрибуты заполняются на этапе выполнения тест-кейса?,Используемое оборудование,0,1-3,"Оборудование, используемое для выполнения тест-кейса, может быть важной информацией, но не является атрибутом самого тест-кейса"
Какие атрибуты заполняются на этапе выполнения тест-кейса?,"Подразделение или отдел, ответственный за выполнение тест-кейса",0,1-3,"Указание ответственного подразделения может быть важно для организации процесса тестирования, но это не атрибут конкретного тест-кейса."
Какие атрибуты заполняются на этапе выполнения тест-кейса?,"Список известных проблем или ошибок, связанных с тест-кейсом",0,1-3,"Хотя список проблем может быть полезным для понимания контекста выполнения тест-кейса, это не является атрибутом самого тест-кейса."
Какие атрибуты заполняются на этапе выполнения тест-кейса?,Результат выполнения тест-кейса,0,1-3,"Результат выполнения тест-кейса (пройден/не пройден) фиксируется после выполнения, а не во время его выполнения."
Какие атрибуты заполняются на этапе выполнения тест-кейса?,Уровень приоритета тест-кейса.,0,1-3,"Приоритет тест-кейса обычно определяется до его выполнения и не является атрибутом, который заполняется на этапе выполнения."
Какие есть плюсы у тест-кейсов?,За счёт полной детализации шагов тест-кейсы может проходить новичок. По ним удобно знакомиться с продуктом,1,1-3,
Какие есть плюсы у тест-кейсов?,"Достаточно подробное описание бизнес-логики. При неидеальной организации хранения требований уточнение некоторых моментов проще будет найти в тест-кейсах.
",1,1-3,
Какие есть плюсы у тест-кейсов?,Тест-кейсы делают программное обеспечение более красочным,0,1-3,"ответ неверен, так как тест-кейсы представляют собой инструмент для проверки функциональности ПО, а не для украшения его внешнего вида"
Какие есть плюсы у тест-кейсов?,Тест-кейсы помогают сделать разработчиков более счастливыми,0,1-3,"хотя тест-кейсы могут помочь выявить ошибки в ранних стадиях разработки, они не прямо влияют на уровень счастья разработчиков"
Какие есть плюсы у тест-кейсов?,Тест-кейсы позволяют сократить время разработки программного обеспечения,0,1-3,"ответ неверен, поскольку создание тест-кейсов требует дополнительного времени и усилий, хотя и может ускорить процесс тестирования"
Какие есть плюсы у тест-кейсов?,Тест-кейсы являются идеальным решением для всех типов программного обеспечения,0,1-3,"В некоторых случаях, особенно при работе с непредсказуемым или сложным программным обеспечением, тест-кейсы могут быть недостаточно эффективными"
Какие есть плюсы у тест-кейсов?,Тест-кейсы могут полностью исключить необходимость тестирования программного обеспечения вручную,0,1-3,"ответ неверен, так как некоторые аспекты тестирования все еще требуют ручной проверки и анализа, который не может быть автоматизирован"
Какие есть плюсы у тест-кейсов?,Тест-кейсы являются гарантией от всех возможных ошибок в программном обеспечении,0,1-3,"Тест-кейсы помогают выявлять ошибки, но не могут гарантировать, что все ошибки будут найдены, особенно в сложных системах"
Какие минусы у тест-кейсов?,"Нужно больше времени на написание, чем для чек-листов.",1,1-3,
Какие минусы у тест-кейсов?,"Сложно поддерживать. Если изменится бизнес-логика, будут переименованы разделы или произойдут другие изменения, затрагивающие пользовательский интерфейс и сценарии использования системы, нужно будет актуализировать все тест-кейсы, связанные с измененной частью. ",1,1-3,
Какие минусы у тест-кейсов?,"Тест-кейсы слишком эффективны, что приводит к излишней надежности программного обеспечения",0,1-3,"Тест-кейсы не могут быть слишком эффективными, поскольку их цель - выявить ошибки и недочеты в программном обеспечении"
Какие минусы у тест-кейсов?,"Тест-кейсы создают ложное чувство безопасности у разработчиков, делая их менее внимательными к возможным проблемам",0,1-3,"ответ неправильный, поскольку тест-кейсы служат инструментом для выявления проблем, а не для умаляния их значимости"
Какие минусы у тест-кейсов?,Использование тест-кейсов требует слишком больших затрат времени и ресурсов,0,1-3,"Хотя создание и выполнение тест-кейсов требует времени и усилий, их использование обычно оправдывает себя за счет улучшения качества программного обеспечения"
Какие минусы у тест-кейсов?,"Тест-кейсы могут привести к упрощению процесса тестирования, игнорируя некоторые важные аспекты программного обеспечения",0,1-3,"ответ неправильный, так как тест-кейсы должны быть разработаны таким образом, чтобы покрывать все критические аспекты программного обеспечения"
Какие минусы у тест-кейсов?,Тест-кейсы могут затруднять внесение изменений в программное обеспечение из-за их жесткой структуры,0,1-3,"Неверно. Хотя тест-кейсы могут требовать пересмотра при внесении изменений в программное обеспечение, это не должно представлять собой значительную проблему, если тесты правильно организованы"
Какие минусы у тест-кейсов?,"Тест-кейсы могут создавать ложные срабатывания, что приводит к недостаточной доверительности к результатам тестирования",0,1-3,"Этот ответ также неправильный, потому что тест-кейсы разрабатываются для минимизации ложных срабатываний и обеспечения точности результатов тестирования"
Что такое тест-дизайн?,"этап тестирования ПО, на котором проектируются и создаются тестовые случаи (тест-кейсы)",1,1-4,
Что такое тест-дизайн?,"процесс планирования, создания и организации тестов для проверки функциональности программного обеспечения или системы. Он включает определение целей тестирования, выбор тестовых случаев, создание тестовых сценариев и оценку результатов тестирования.",1,1-4,
Что такое тест-дизайн?,процесс создания красивых и привлекательных макетов для различных тестов.,0,1-4,"Неправильно, потому что тест-дизайн связан с разработкой структуры и методологии тестирования, а не только с визуальным оформлением"
Что такое тест-дизайн?,"это специальный вид искусства, где художники создают уникальные изображения для тестовых заданий.",0,1-4,"это неправильно. Тест-дизайн относится к разработке сценариев, вопросов и методов для тестирования программного обеспечения или продуктов."
Что такое тест-дизайн?,процесс определения наилучших методов обмана или обхода различных тестовых систем,0,1-4,"Это неверно. Тест-дизайн направлен на разработку стратегий и сценариев для эффективного тестирования, а не на обход или обман системы."
Что такое тест-дизайн?,это разработка моделей и макетов для проведения модельных исследований в области дизайна.,0,1-4,"Не совсем. Тест-дизайн в контексте программного обеспечения связан с планированием и созданием тестовых случаев, а не с дизайном."
Что такое тест-дизайн?,"это процесс создания уникальных и оригинальных тестовых заданий, не имеющих аналогов.",0,1-4,"Это неправильно. Цель тест-дизайна - разработка эффективных и репрезентативных тестов, которые позволят проверить функциональность или качество продукта."
Что такое тест-дизайн?,"Тест-дизайн - это анализ результатов тестирования для определения того, какие тесты были наиболее успешными, а какие - менее эффективными.",0,1-4,"Не совсем. Тест-дизайн скорее связан с планированием и разработкой тестов, а анализ результатов обычно выполняется на этапе тестирования."
Задачи тест-дизайна на проекте,"максимально покрыть функциональность тестами, обнаружить серьёзные баги, сократить количество тестов, исключив непродуктивные, не пропустить важные тесты",1,1-4,
Задачи тест-дизайна на проекте,"Задача тест-дизайна состоит в тщательном планировании тестового процесса для максимального охвата функциональности, обнаружения серьезных ошибок, оптимизации количества тестов путем исключения непродуктивных и обеспечения проведения всех важных тестов",1,1-4,
Задачи тест-дизайна на проекте,Создание привлекательных и креативных дизайнов для тестовых отчетов и протоколов,0,1-4,"Это неправильно, потому что задачи тест-дизайна связаны с планированием и разработкой тестов, а не с визуальным оформлением отчетов."
Задачи тест-дизайна на проекте,Оценка эффективности тестирования посредством анализа тенденций в отчетах о багах.,0,1-4,"Неверно. Это скорее задача управления качеством или аналитики тестирования, а не тест-дизайна, который фокусируется на разработке самих тестов."
Задачи тест-дизайна на проекте,Создание гибких и масштабируемых тестовых инфраструктур для автоматизации тестирования.,0,1-4,"Это больше относится к инженерии тестирования или разработке инфраструктуры, чем к задачам тест-дизайна, которые ориентированы на планирование и создание тестов."
Задачи тест-дизайна на проекте,Определение приоритетов тестирования на основе статистического анализа прошлых релизов.,0,1-4,"Неправильно. Это скорее задача управления тестированием или аналитики, а не тест-дизайна, который фокусируется на создании тестовых случаев."
Задачи тест-дизайна на проекте,Разработка дизайна пользовательского интерфейса для тестовых средств и инструментов.,0,1-4,"Неверно. Это ближе к дизайну пользовательского опыта (UX) или разработке, а не к задачам тест-дизайна, которые ориентированы на создание тестовых сценариев."
Задачи тест-дизайна на проекте,Планирование сеансов обучения для тестировщиков по использованию новых тестовых инструментов.,0,1-4,"Это скорее задача обучения или управления проектами, а не тест-дизайна, который фокусируется на разработке сценариев тестирования."
В чем заключается техника граничных значений?,проверка поведения продукта на граничных значениях входных данных,1,1-4,
В чем заключается техника граничных значений?,"Техника граничных значений в тестировании используется для выбора тестовых данных, которые лежат на границах различных классов эквивалентности. Она основана на предположении, что ошибки в программном обеспечении чаще всего возникают именно на границах диапазонов входных данных.",1,1-4,
В чем заключается техника граничных значений?,"Техника граничных значений - это методика, которая заключается в выборе случайных значений на границах структур данных для тестирования.",0,1-4,"Это неправильно, потому что техника граничных значений предполагает выбор значений, находящихся именно на границах диапазонов, а не случайных."
В чем заключается техника граничных значений?,"Это метод, при котором входные данные для тестирования выбираются только из заранее определенных крайних значений без учета остальных случаев.",0,1-4,"Нет, такой подход ограничивает охват тестирования только граничными случаями, что может упустить другие возможные проблемы."
В чем заключается техника граничных значений?,"Техника граничных значений - это процесс, при котором тестировщики оценивают важность тестовых кейсов на основе их применения к критическим функциям программного обеспечения.",0,1-4,"Неправильно. Это описывает процесс приоритизации тестов, а не технику граничных значений, которая связана с выбором конкретных значений для тестирования."
В чем заключается техника граничных значений?,"Это метод, при котором тестировщики фокусируются только на значениях, находящихся за пределами допустимых диапазонов входных данных.",0,1-4,"Нет, техника граничных значений направлена на выбор значений именно на границах допустимых диапазонов, а не за их пределами."
В чем заключается техника граничных значений?,"Техника граничных значений - это подход, при котором тестирование проводится только на крайне малых или крайне больших значениях, игнорируя промежуточные.",0,1-4,"Неправильно. Это ограничивает охват тестирования и может пропустить потенциальные проблемы, которые могут возникнуть именно на границах."
В чем заключается техника граничных значений?,"Это методика, при которой тестировщики уделяют особое внимание только тем тестовым случаям, которые необходимы для покрытия критически важных функций программы.",0,1-4,"Не совсем. Это описывает подход выбора тестов на основе приоритетов, в то время как техника граничных значений фокусируется на конкретных значениях входных данных."
В чем заключается техника попарного тестирования?,"техника формирования наборов тестовых данных, при которой каждое тестируемое значение каждого из проверяемых параметров хотя бы раз сочетается с каждым из тестируемых значений всех остальных проверяемых параметров.",1,1-4,
В чем заключается техника попарного тестирования?,"Техника попарного тестирования - это методика, при которой все возможные комбинации входных параметров тестируются попарно, то есть каждая пара параметров встречается хотя бы один раз в тестовом наборе. ",1,1-4,
В чем заключается техника попарного тестирования?,"Техника попарного тестирования - это метод, при котором каждый тестовый случай повторяется дважды для подтверждения его надежности.",0,1-4,"Это неправильно. Попарное тестирование не предполагает дублирования тестовых случаев, а сконцентрировано на проверке всех возможных комбинаций параметров по одному разу."
В чем заключается техника попарного тестирования?,"Это подход, при котором тестировщики выбирают только пары тестируемых элементов, исключая все остальные.",0,1-4,"Нет, техника попарного тестирования включает в себя тестирование всех возможных комбинаций пар параметров, а не их исключение."
В чем заключается техника попарного тестирования?,"Техника попарного тестирования - это метод, при котором каждый параметр тестируется в изоляции от других, чтобы выявить их воздействие на результаты.",0,1-4,"Неправильно. Попарное тестирование, наоборот, ориентировано на тестирование взаимодействия параметров между собой, а не на их изоляцию."
В чем заключается техника попарного тестирования?,"Это стратегия, при которой тестировщики создают тестовые случаи, в которых каждый параметр изменяется только по одному значению.",0,1-4,"Нет, в попарном тестировании каждый параметр может принимать любое значение в сочетании с другими параметрами, что позволяет сократить количество тестовых случаев."
В чем заключается техника попарного тестирования?,"Техника попарного тестирования - это метод, при котором проводится проверка только на наличие парных дефектов в программном обеспечении.",0,1-4,"Неправильно. Попарное тестирование направлено на обнаружение проблем, связанных с взаимодействием параметров, а не только на парные дефекты."
В чем заключается техника попарного тестирования?,"Это подход, при котором каждый тестовый случай включает в себя только два параметра для проверки их взаимосвязи.
",0,1-4,"Нет, в попарном тестировании каждый тестовый случай включает в себя комбинацию двух параметров из всех доступных, чтобы оценить взаимодействие всех пар параметров."
Для чего нужны таблицы принятия решений?,"Таблицы принятия решений используют, чтобы упорядочить и задокументировать сложную логику приложения, а также протестировать все комбинации условий и состояний. ",1,1-4,
Для чего нужны таблицы принятия решений?,Таблицы принятия решений используются для систематического анализа различных альтернативных вариантов и выбора оптимального решения в соответствии с заранее определенными критериями.,1,1-4,
Для чего нужны таблицы принятия решений?,"Таблицы принятия решений используются для создания красивых и информативных диаграмм, которые помогают визуализировать процесс принятия решений.",0,1-4,"Это неправильно. Таблицы принятия решений скорее предназначены для структурирования и анализа данных, а не для создания диаграмм."
Для чего нужны таблицы принятия решений?,Они нужны для автоматического принятия решений без участия человека на основе заранее заданных правил.,0,1-4,"Нет, таблицы принятия решений обычно предназначены для помощи людям в принятии обоснованных решений, а не для автоматического принятия."
Для чего нужны таблицы принятия решений?,Они нужны для проведения социологических исследований и анализа мнений группы людей с целью принятия решений.,0,1-4,"Неправильно. Это описание методов социологических исследований и коллективного принятия решений, а не таблиц принятия решений."
Для чего нужны таблицы принятия решений?,"Они служат для оценки критериев, не связанных с принятием решений, таких как производственные показатели или финансовые результаты.",0,1-4,Неправильно. Таблицы принятия решений включают в себя оценку различных альтернатив и их соответствие заранее определенным критериям.
Для чего нужны таблицы принятия решений?,Такие таблицы используются для организации рабочего процесса в команде и управления временем.,0,1-4,"Нет, это скорее характеристики других инструментов или методов управления проектами, а не таблиц принятия решений."
Для чего нужны таблицы принятия решений?,Они предназначены для сохранения и анализа истории принятых решений с целью изучения прошлых ошибок и определения уроков на будущее.,0,1-4,"Неправильно. Это описывает методики управления знаниями или управления качеством, а не таблицы принятия решений."